Subclass	Class/Race	Campaign Setting	Source	Pg. #	Edition	Legal Status	OGL Source
Academician	Wizard	Generic	PHBR4 The Complete Wizard's Handbook	35	AD&D2		
Acrobat	Thief	Generic	PHBR2 The Complete Thief's Handbook	24	AD&D2		
Acrobat	Any	Generic	Player's Option: Skills & Powers	66	AD&D2		
Advanced Being	Wizard	Dark Sun	Dark Sun: Defilers and Preservers: The Wizards of Athas	42	AD&D2		
Adventurer	Thief	Generic	PHBR2 The Complete Thief's Handbook	25	AD&D2		
Adviser	Druid	Generic	PHBR13 The Complete Druid's Handbook	25	AD&D2		
Air Knight	Warrior	Generic	Dragon #260	36	AD&D2		
Ajami (Alien Wizard)	Wizard	Al-Qadim	Al-Qadim: Arabian Adventures	43	AD&D2		
Alakvalt	Taltos	Generic	Dragon #247	41	AD&D2		
Allati	Taltos	Generic	Dragon #247	42	AD&D2		
Amazon	Warrior	Diablo	Diablo II: The Awakening	7	AD&D2		
Amazon	Fighter	Generic	PHBR1 The Complete Fighter's Handbook	14	AD&D2		
Amazon	Any	Generic	Player's Option: Skills & Powers	66	AD&D2		
Amazon Priestess	Priest	Generic	PHBR3 The Complete Priest's Handbook	97	AD&D2		
Amazon Sorceress	Wizard	Generic	PHBR4 The Complete Wizard's Handbook	36	AD&D2		
Anagakok	Wizard	Generic	PHBR4 The Complete Wizard's Handbook	38	AD&D2		
Anatomist	Necromancer	Generic	DMGR7 The Complete Book of Necromancers	13	AD&D2		
Animal Priestess	Priest	African	Dragon #209	18	AD&D2		
Aperusa	Rogue	Spelljammer	CGR1 Spelljammer: The Complete Spacefarer's Handbook	51	AD&D2		
Aranamach	Wizard	Dark Sun	Dragon #194	74	AD&D2		
Arcanist	Wizard	Spelljammer	CGR1 Spelljammer: The Complete Spacefarer's Handbook	37	AD&D2		
Arcanist	Mage/Cleric/Half-Elf	Generic	Dragon #214	14	AD&D2		
Archeologist	Warrior/Rogue	Generic	Dragon #241	24	AD&D2		
Archer	Warrior/Elf	Generic	PHBR8 The Complete Book of Elves	84	AD&D2		
Archer	Fighter/Halfling	Generic	PHBR9 The Complete Book of Gnomes & Halflings	93	AD&D2		
Archer	Fighter		HWR2 Hollow World: Kingdom of Nithia: Player's Tome	18	D&D2	PD	
Archetypal Necromancer	Necromancer	Generic	DMGR7 The Complete Book of Necromancers	12	AD&D2		
Arena Champion	Gladiator	Dark Sun	CGR2 Dark Sun: The Complete Gladiator's Handbook	11	AD&D2		
Arena Mage	Wizard	Dark Sun	Dark Sun: Defilers and Preservers: The Wizards of Athas	44	AD&D2		
Aristocrat	Fighter/Mage/Half-Elf	Generic	Dragon #214	13	AD&D2		
Ascetic Warrior	Psionicist	Generic	Dragon #191	19	AD&D2		
Ashanti Warriors	Warrior	African	Dragon #195	27	AD&D2		
Askar	Warrior	Al-Qadim	Al-Qadim: Arabian Adventures	29	AD&D2		
Assassin	Fighter	Generic	Dragon #172	74	AD&D2		
Assassin	Any	Generic	Player's Option: Skills & Powers	67	AD&D2		
Assassin	Thief	Generic	PHBR2 The Complete Thief's Handbook	26	AD&D2		
Astrologer	Wizard	Al-Qadim	Al-Qadim: The Complete Sha'ir's Handbook	40	AD&D2		
Astrologer	Priest	Spelljammer	CGR1 Spelljammer: The Complete Spacefarer's Handbook	45	AD&D2		
Astronomer	Wizard	Spelljammer	CGR1 Spelljammer: The Complete Spacefarer's Handbook	39	AD&D2		
Athlete	Tradesman	Ravenloft	Dragon #215	42	AD&D2		
Auditor	Psionicist	Dark Sun	Dark Sun: The Will and The Way: Psionicists of Athas	22	AD&D2		
Avenger	Druid	Generic	PHBR13 The Complete Druid's Handbook	27	AD&D2		
Avenger	Fighter	Generic	Rules Cyclopedia	18	D&D2	PD	
Axe For Hire	Warrior/Dwarf	Generic	PHBR6 The Complete Book of Dwarves	51	AD&D2		
Azuposi Clown	Rouge	Forgotten Realms	FMQ1 Forgotten Realms: City of Gold	A2	AD&D2		
Azuposi Hunter	Warrior	Forgotten Realms	FMQ1 Forgotten Realms: City of Gold	A5	AD&D2		
Azuposi Trader	Rogue	Forgotten Realms	FMQ1 Forgotten Realms: City of Gold	A4	AD&D2		
Azupozi Healer	Priest	Forgotten Realms	FMQ1 Forgotten Realms: City of Gold	A7	AD&D2		
Bandit	Thief	Generic	PHBR2 The Complete Thief's Handbook	27	AD&D2		
Bandit	Thief/Halfling	Generic	PHBR9 The Complete Book of Gnomes & Halflings	103	AD&D2		
Barbarian	Warrior	Diablo	Diablo II: The Awakening	9	AD&D2		
Barbarian	Fighter	Generic	PHBR1 The Complete Fighter's Handbook	16	AD&D2		
Barbarian	Any	Generic	Player's Option: Skills & Powers	68	AD&D2		
Barbarian Fighter	Fighter	Generic	PHBR14 The Complete Barbarian's Handbook	7	AD&D2		
Barbarian Shaman	Priest	Generic	PHBR14 The Complete Barbarian's Handbook	11	AD&D2		
Barbarian/Berserker Priest	Priest	Generic	PHBR3 The Complete Priest's Handbook	99	AD&D2		
Barber	Rogue	Al-Qadim	Al-Qadim: Arabian Adventures	47	AD&D2		
Battlerager	Warrior/Dwarf	Generic	PHBR6 The Complete Book of Dwarves	54	AD&D2		
Baule Diviner	Wizard	African	Dragon #200	15	AD&D2		
Beast Trainer	Gladiator	Dark Sun	CGR2 Dark Sun: The Complete Gladiator's Handbook	6	AD&D2		
Beastfriend	Druid	Generic	PHBR13 The Complete Druid's Handbook	28	AD&D2		
Beggar		Forgotten Realms	Forgotten Realms: Demihumans of the Realms	31	AD&D2		
Beggar	Thief	Generic	PHBR2 The Complete Thief's Handbook	28	AD&D2		
Beggar	Any	Generic	Player's Option: Skills & Powers	68	AD&D2		
Beggar-Thief	Rogue	Al-Qadim	Al-Qadim: Arabian Adventures	44	AD&D2		
Benin Hunter	Warrior	African	Dragon #195	28	AD&D2		
Bent Priest	Priest	Forgotten Realms	FMQ1 Forgotten Realms: City of Gold	A8	AD&D2		
Berranie Seer	Psionicist	Generic	Dragon #191	17	AD&D2		
Berserker	Fighter	Generic	PHBR1 The Complete Fighter's Handbook	18	AD&D2		
Bibliotaph	Priest/Wizard	Generic	Dragon #241	24	AD&D2		
Bikaver	Taltos	Generic	Dragon #247	42	AD&D2		
Bilker	Thief/Halfling	Generic	PHBR9 The Complete Book of Gnomes & Halflings	106	AD&D2		
Black Arrow	Ranger	Generic	Dragon #230	21	AD&D2		
Blade	Bard	Generic	PHBR7 The Complete Bard's Handbook	18	AD&D2		
Bladesinger	Fighter, Mage/Elf	Generic	PHBR8 The Complete Book of Elves	88	AD&D2		
Blind Fighter	Gladiator	Dark Sun	CGR2 Dark Sun: The Complete Gladiator's Handbook	9	AD&D2		
Boker	Wizard	African	Dragon #200	16	AD&D2		
Bornu Horseman	Warrior	African	Dragon #195	28	AD&D2		
Boszorkany	Taltos	Generic	Dragon #247	43	AD&D2		
Bounty Hunter	Thief	Generic	PHBR2 The Complete Thief's Handbook	29	AD&D2		
Brahmin	Priest	Indian	Dragon #225	26	AD&D2		
Bratak	Thief		GAZ12 The Golden Khan of Ethengar: Player's Guide	11	D&D2	TM	
Brushrunner	Barbarian (Fighter)	Generic	PHBR14 The Complete Barbarian's Handbook	37	AD&D2		
Brute	Barbarian (Fighter)	Generic	PHBR14 The Complete Barbarian's Handbook	40	AD&D2		
Buccaneer	Thief	Generic	PHBR2 The Complete Thief's Handbook	31	AD&D2		
Buffoon	Thief, Illusionist/Gnome	Generic	PHBR9 The Complete Book of Gnomes & Halflings	52	AD&D2		
Burglar	Thief	Generic	PHBR2 The Complete Thief's Handbook	33	AD&D2		
Burglar	Thief/Halfling	Generic	PHBR9 The Complete Book of Gnomes & Halflings	108	AD&D2		
Bushi	Fighter	Oriental Adventures	Dragon #189	28	AD&D2		
Caradhaker (Mindstalker)	Dwarf	Generic	Dragon #245	38	AD&D2		
Caravaneer	Rogue	Dark Sun	Dragon #194	78	AD&D2		
Cartographer	Fighter, Thief/Halfling	Generic	PHBR9 The Complete Book of Gnomes & Halflings	113	AD&D2		
Cat Burglar		Forgotten Realms	Forgotten Realms: Demihumans of the Realms	33	AD&D2		
Cavalier	Fighter	Generic	PHBR1 The Complete Fighter's Handbook	22	AD&D2		
Cavalier	Any	Generic	Player's Option: Skills & Powers	69	AD&D2		
Cavalryman	Soldier	Ravenloft	Masque of the Red Death	94	AD&D2		
Centaur Cavalier (Peer)	Warrior	Generic	Dragon #163	80	AD&D2		
Cerulean	Wizard	Dark Sun	Dark Sun: Defilers and Preservers: The Wizards of Athas	46	AD&D2		
Champion	Warrior, Preist/Dwarf	Generic	PHBR6 The Complete Book of Dwarves	64	AD&D2		
Charcoal Burner	Psionicist	Generic	Dragon #255	38	AD&D2		
Charioteer	Warrior	Rome	HR5 The Glory of Rome: Campaign Sourcebook	25	AD&D2		
Charioteer	Fighter		HWR2 Hollow World: Kingdom of Nithia: Player's Tome	18	D&D2	PD	
Charlatan		Forgotten Realms	Forgotten Realms: Demihumans of the Realms	67	AD&D2		
Charlatan	Adept	Ravenloft	Masque of the Red Death	101	AD&D2		
Charlatan	Bard	Generic	PHBR7 The Complete Bard's Handbook	21	AD&D2		
Charlatan-Thief	Rogue	Rome	HR5 The Glory of Rome: Campaign Sourcebook	28	AD&D2		
Chasseur	Wizard	Dark Sun	Dark Sun: Defilers and Preservers: The Wizards of Athas	48	AD&D2		
Chevalier	Paladin	Generic	PHBR12 The Complete Paladin's Handbook	46	AD&D2		
Christian Priest	Priest	Rome	HR5 The Glory of Rome: Campaign Sourcebook	32	AD&D2		
Chronicler	Priest	Dark Sun	Dragon #194	75	AD&D2		
Clansdwarf	Warrior/Dwarf	Generic	PHBR6 The Complete Book of Dwarves	52	AD&D2		
Cleric of Halav	Cleric		HWR3 Hollow World: The Milenian Empire: Adventurer's Guide	29	D&D2	TM	
Cleric of Matera	Cleric		HWR3 Hollow World: The Milenian Empire: Adventurer's Guide	29	D&D2	TM	
Cleric of Petra	Cleric		HWR3 Hollow World: The Milenian Empire: Adventurer's Guide	30	D&D2	TM	
Cleric of Protius	Cleric		HWR3 Hollow World: The Milenian Empire: Adventurer's Guide	31	D&D2	TM	
Cleric of the Faith Ethical (Ethoist)	Priest	Al-Qadim	Al-Qadim: Arabian Adventures	60	AD&D2		
Cleric of the Faith Moral (Moralist)	Priest	Al-Qadim	Al-Qadim: Arabian Adventures	63	AD&D2		
Cleric of the Faith Pragmatic (Pragmatist)	Priest	Al-Qadim	Al-Qadim: Arabian Adventures	58	AD&D2		
Clockwork Mage	Wizard	Al-Qadim	Al-Qadim: The Complete Sha'ir's Handbook	43	AD&D2		
Coerl	Fighter	Dark Ages	Dragon #257	39	AD&D2		
Collector	Fighter, Mage, Thief/Elf	Generic	PHBR8 The Complete Book of Elves	92	AD&D2		
Companion	Warrior	Greece	HR6 Age of Heroes: Campaign Sourcebook	24	AD&D2		
Consort	Ninja	Generic	PHBR15 The Complete Ninja's Handbook	13	AD&D2		
Convict	Gladiator	Dark Sun	CGR2 Dark Sun: The Complete Gladiator's Handbook	13	AD&D2		
Corsair	Warrior	Al-Qadim	Al-Qadim: Arabian Adventures	30	AD&D2		
Corsair	Warrior	Spelljammer	CGR1 Spelljammer: The Complete Spacefarer's Handbook	30	AD&D2		
Courier	Rogue	Spelljammer	CGR1 Spelljammer: The Complete Spacefarer's Handbook	52	AD&D2		
Courier	Avariel	Generic	Dragon #233	21	AD&D2		
Cowboy	Soldier	Ravenloft	Polyhedron #124	18	AD&D2		
Crafts Priest	Priest/Dwarf	Generic	PHBR6 The Complete Book of Dwarves	61	AD&D2		
Crusader	Warrior	Spelljammer	CGR1 Spelljammer: The Complete Spacefarer's Handbook	31	AD&D2		
Crusader	Fighter/Cleric/Half-Elf	Generic	Dragon #214	12	AD&D2		
Crypt Defender	Ranger	Generic	Dragon #234	24	AD&D2		
Crypt Ranger	Ranger	Generic	Dragon #234	26	AD&D2		
Crystallite	Psionicist	Generic	Dragon #200	98	AD&D2		
Cutpurse	Thief	Generic	PHBR2 The Complete Thief's Handbook	34	AD&D2		
Dandy	Bard	Generic	Dragon #189	82	AD&D2		
Dandy	Tradesman	Ravenloft	Masque of the Red Death	96	AD&D2		
Danseur	Bard/Gypsy/Thief/Half-Vistani	Ravenloft	Dragon Annual #3	29	AD&D2		
Delver	Rogue/Dwarf	Generic	Dragon #245	44	AD&D2		
Desert Rider	Warrior	Al-Qadim	Al-Qadim: Arabian Adventures	32	AD&D2		
Detective	Tradesman	Ravenloft	Masque of the Red Death	97	AD&D2		
Digitalogist	Wizard	Al-Qadim	Al-Qadim: The Complete Sha'ir's Handbook	57	AD&D2		
Dilettante	Fighter/Mage/Thief/Half-Elf	Generic	Dragon #214	15	AD&D2		
Dilettante	Any except Avenger, Gypsy, Paladin, Priest, Psionicist	Ravenloft	Dragon Annual #3	30	AD&D2		
Dilettante	Mystic	Ravenloft	Polyhedron #124	20	AD&D2		
Diplomat	Priest	Spelljammer	CGR1 Spelljammer: The Complete Spacefarer's Handbook	45	AD&D2		
Diplomat	Fighter/Mage/Thief/Half-Elf	Generic	Dragon #214	15	AD&D2		
Diplomat	Thief	Generic	PHBR6 The Complete Book of Dwarves	67	AD&D2		
Diplomat	Any	Generic	Player's Option: Skills & Powers	71	AD&D2		
Dirgist	Bard	Generic	Dragon #252	31	AD&D2		
Divinate	Paladin	Generic	PHBR12 The Complete Paladin's Handbook	48	AD&D2		
Dowser	Psionicist	Generic	Dragon #200	98	AD&D2		
Dragon Lord	Wizard/Priest	Generic	Dragon #230	22	AD&D2		
Dragon Sage	Dragon	Council of Wyrms	Dragon #207	76	AD&D2		
Dreamwalker	Barbarian (Shaman)	Generic	PHBR14 The Complete Barbarian's Handbook	52	AD&D2		
Dwarf-Cleric	Combo		GAZ6 The Dwarves of Rockhome	7	D&D2	PD	
Eagle Knight	Warrior	Forgotten Realms	Forgotten Realms: Maztica Campaign Set	59	AD&D2		
Earth Defender	Wizard	Dark Sun	Dark Sun: Defilers and Preservers: The Wizards of Athas	50	AD&D2		
Earthstoker	Druid	Generic	Dragon #265	36	AD&D2		
Eastern Woodland Warrior	Fighter	Native American	Dragon #205	20	AD&D2		
Elemental Mage	Wizard	Al-Qadim	Al-Qadim: Arabian Adventures	41	AD&D2		
Elf Lord	Combo		GAZ5 The Elves of Alfheim	63	D&D2	PD	
Elf Wizard	Combo		GAZ5 The Elves of Alfheim	63	D&D2	PD	
Eliminator	Ninja/Killer	Generic	PHBR15 The Complete Ninja's Handbook	28	AD&D2		
Elven Cleric	Combo		Dragon #178	46	D&D2	PD	
Elven Knight	Warrior/Elf	Forgotten Realms	Forgotten Realms: Elves of Evermeet	105	AD&D2		
Elven Knight	Combo		Dragon #178	48	D&D2	PD	
Elven Minstrel	Mage, Thief/Elf	Generic	PHBR8 The Complete Book of Elves	87	AD&D2		
Elven Paladin/Avenger	Combo		Dragon #178	46	D&D2	PD	
Empath	Psionicist	Generic	Dragon #200	99	AD&D2		
Entertainer	Thief/Dwarf	Generic	PHBR6 The Complete Book of Dwarves	67	AD&D2		
Enthusiast	Mystic	Ravenloft	Dragon #236	28	AD&D2		
Envoy	Paladin	Generic	PHBR12 The Complete Paladin's Handbook	49	AD&D2		
Equerry	Paladin	Generic	PHBR12 The Complete Paladin's Handbook	50	AD&D2		
Errant	Paladin	Generic	PHBR12 The Complete Paladin's Handbook	52	AD&D2		
Evangelist	Priest	Spelljammer	CGR1 Spelljammer: The Complete Spacefarer's Handbook	46	AD&D2		
Exile	Half-dragon	Council of Wyrms	Dragon #206	27	AD&D2		
Exorcist	Mystic	Ravenloft	Dragon #236	28	AD&D2		
Expatriate	Paladin	Generic	PHBR12 The Complete Paladin's Handbook	54	AD&D2		
Explorer	Ranger	Generic	PHBR11 The Complete Ranger's Handbook	49	AD&D2		
Explorer	Any	Generic	Player's Option: Skills & Powers	71	AD&D2		
Explorer/Scout	Soldier	Ravenloft	Masque of the Red Death	95	AD&D2		
Exterminator	Wizard	Dark Sun	Dark Sun: Defilers and Preservers: The Wizards of Athas	51	AD&D2		
Fakir	Bard	Indian	Dragon #225	28	AD&D2		
Falconer	Ranger	Generic	PHBR11 The Complete Ranger's Handbook	51	AD&D2		
Faris (Holy Warrior)	Warrior	Al-Qadim	Al-Qadim: Arabian Adventures	34	AD&D2		
Fence	Thief	Generic	PHBR2 The Complete Thief's Handbook	36	AD&D2		
Feral	Warrior	Generic	Dragon #237	9	AD&D2		
Feralan	Ranger	Generic	PHBR11 The Complete Ranger's Handbook	52	AD&D2		
Fetishist	Rouge	Forgotten Realms	FMQ1 Forgotten Realms: City of Gold	A4	AD&D2		
Fighting-Monk	Priest	Generic	PHBR3 The Complete Priest's Handbook	100	AD&D2		
Flamespeaker (M'wanga)	Barbarian (Shaman)	Generic	PHBR14 The Complete Barbarian's Handbook	54	AD&D2		
Forest Lord	Barbarian (Fighter)	Generic	PHBR14 The Complete Barbarian's Handbook	42	AD&D2		
Forest Runner	Ranger	Generic	PHBR11 The Complete Ranger's Handbook	55	AD&D2		
Forester		Forgotten Realms	Forgotten Realms: Demihumans of the Realms	40	AD&D2		
Forestwalker	Fighter/Halfling	Generic	PHBR9 The Complete Book of Gnomes & Halflings	94	AD&D2		
Forge Priest	Priest	Generic	Dragon #245	30	AD&D2		
Free Wizard	Wizard	Dark Sun	Dark Sun: Defilers and Preservers: The Wizards of Athas	53	AD&D2		
Frontiersman	Warrior	Spelljammer	CGR1 Spelljammer: The Complete Spacefarer's Handbook	33	AD&D2		
Frost Wizard	Wizard	Generic	Dragon #229	41	AD&D2		
Gallant	Bard	Generic	PHBR7 The Complete Bard's Handbook	25	AD&D2		
Gatekeeper	Psionicist	Generic	Dragon #255	39	AD&D2		
Geomancer	Wizard	Spelljammer	CGR1 Spelljammer: The Complete Spacefarer's Handbook	40	AD&D2		
Geomancer	Wizard	Al-Qadim	Dragon #250	92	AD&D2		
Georgian	Paladin	Generic	Dragon #230	21	AD&D2		
Ghetto Fighter	Warrior, Thief/Dwarf	Generic	PHBR6 The Complete Book of Dwarves	69	AD&D2		
Ghosthunter	Paladin	Generic	PHBR12 The Complete Paladin's Handbook	56	AD&D2		
Ghul Lord	Wizard	Al-Qadim	Al-Qadim: The Complete Sha'ir's Handbook	59	AD&D2		
Ghul Lord	Wizard	Generic	DMGR7 The Complete Book of Necromancers	22	AD&D2		
Giant Killer	Ranger	Generic	PHBR11 The Complete Ranger's Handbook	56	AD&D2		
Gladiator	Warrior	Rome	HR5 The Glory of Rome: Campaign Sourcebook	24	AD&D2		
Gladiator	Fighter	Generic	PHBR1 The Complete Fighter's Handbook	24	AD&D2		
Gladiator	Any	Generic	Player's Option: Skills & Powers	72	AD&D2		
Gladiator, Fugitive Hillsfar		Forgotten Realms	Forgotten Realms: Demihumans of the Realms	45	AD&D2		
Gladiatorial Slave	Gladiator	Dark Sun	CGR2 Dark Sun: The Complete Gladiator's Handbook	22	AD&D2		
Gnome, Breach	Fighter/Gnome	Generic	PHBR9 The Complete Book of Gnomes & Halflings	45	AD&D2		
Gnostic	Adept	Ravenloft	Polyhedron #124	19	AD&D2		
Goblinsticker	Fighter/Gnome	Generic	PHBR9 The Complete Book of Gnomes & Halflings	46	AD&D2		
Gray Chasseur	Wizard	Dark Sun	Dragon #231	41	AD&D2		
Great Plains Warrior	Fighter	Native American	Dragon #205	20	AD&D2		
Greenfellow	Rogue	Generic	Dragon #237	10	AD&D2		
Greenwood Ranger	Ranger	Generic	PHBR11 The Complete Ranger's Handbook	59	AD&D2		
Griffon Rider	Fighter		HWR3 Hollow World: The Milenian Empire: Adventurer's Guide	31	D&D2	PD	
Guardian	Ranger	Generic	PHBR11 The Complete Ranger's Handbook	62	AD&D2		
Guardian	Druid	Generic	PHBR13 The Complete Druid's Handbook	30	AD&D2		
Guardian	Thief		HWR2 Hollow World: Kingdom of Nithia: Player's Tome	25	D&D2	PD	
Guide	Chronomancer	Generic	Chronomancer	8	AD&D2		
Guild Mage	Thief/Mage/Half-Elf	Generic	Dragon #214	14	AD&D2		
Gypsy-bard	Bard	Generic	PHBR7 The Complete Bard's Handbook	28	AD&D2		
Hakima (Wise Woman)	Priest	Al-Qadim	Al-Qadim: Arabian Adventures	65	AD&D2		
Hakomon	Magic-User		GAZ12 The Golden Khan of Ethengar: Player's Guide	12	D&D2	TM	
Harlequin	Rogue	Spelljammer	CGR1 Spelljammer: The Complete Spacefarer's Handbook	53	AD&D2		
Healer	Psionicist	Generic	Dragon #191	20	AD&D2		
Healer	Cleric/Halfling	Generic	PHBR9 The Complete Book of Gnomes & Halflings	118	AD&D2		
Hearth Guard	Warrior/Dwarf	Generic	PHBR6 The Complete Book of Dwarves	53	AD&D2		
Heavyman	Fighter		HWR2 Hollow World: Kingdom of Nithia: Player's Tome	19	D&D2	TM	
Hedge Wizard	Wizard	Generic	PHBR10 The Complete Book of Humanoids	74	AD&D2		
Herald	Bard	Generic	PHBR7 The Complete Bard's Handbook	31	AD&D2		
Herbalist	Priest/Elf	Generic	PHBR8 The Complete Book of Elves	83	AD&D2		
Hero	Warrior	Greece	HR6 Age of Heroes: Campaign Sourcebook	25	AD&D2		
High Mage	Wizard/Elf	Forgotten Realms	Forgotten Realms: Elves of Evermeet	111	AD&D2		
Highborn	Warrior/Dwarf	Generic	PHBR6 The Complete Book of Dwarves	57	AD&D2		
Hishnashaper	Rogue	Forgotten Realms	Forgotten Realms: Maztica Campaign Set	63	AD&D2		
Historian	Chronomancer	Generic	Chronomancer	9	AD&D2		
Hoardsacker	Rogue/Dwarf	Generic	Dragon #245	45	AD&D2		
Homesteader	Fighter/Halfling	Generic	PHBR9 The Complete Book of Gnomes & Halflings	96	AD&D2		
Hoplite	Warrior	Greece	HR6 Age of Heroes: Campaign Sourcebook	29	AD&D2		
Horse Warrior	Fighter		GAZ12 The Golden Khan of Ethengar: Player's Guide	10	D&D2	PD	
Horseman	Fighter, Ranger	Dark Ages	Dragon #257	40	AD&D2		
Houngan	Wizard	African	Dragon #200	16	AD&D2		
Humanoid Bard	Rogue	Generic	PHBR10 The Complete Book of Humanoids	88	AD&D2		
Humanoid Scholar	Wizard	Generic	PHBR10 The Complete Book of Humanoids	75	AD&D2		
Huntsman	Fighter, Thief/Elf	Generic	PHBR8 The Complete Book of Elves	91	AD&D2		
Illusionist	Wizard	Dark Sun	Dark Sun: Defilers and Preservers: The Wizards of Athas	55	AD&D2		
Imagemaker	Illusionist/Gnome	Generic	PHBR9 The Complete Book of Gnomes & Halflings	50	AD&D2		
Impostor	Wizard	Spelljammer	CGR1 Spelljammer: The Complete Spacefarer's Handbook	41	AD&D2		
Infiltrator	Fighter, Mage, Thief/Elf	Generic	PHBR8 The Complete Book of Elves	94	AD&D2		
Inquisitor	Paladin	Generic	PHBR12 The Complete Paladin's Handbook	57	AD&D2		
Intruder	Ninja	Generic	PHBR15 The Complete Ninja's Handbook	13	AD&D2		
Investigator	Any except Avenger	Ravenloft	Dragon Annual #3	30	AD&D2		
Investigator	Thief	Generic	PHBR2 The Complete Thief's Handbook	37	AD&D2		
Islander	Barbarian (Fighter)	Generic	PHBR14 The Complete Barbarian's Handbook	43	AD&D2		
Jackal	Wizard	Al-Qadim	Al-Qadim: The Complete Sha'ir's Handbook	63	AD&D2		
Jaguar Knight	Warrior	Forgotten Realms	Forgotten Realms: Maztica Campaign Set	60	AD&D2		
Janissary	Psionicist	Generic	Dragon #255	39	AD&D2		
Jazst	Gladiator	Dark Sun	CGR2 Dark Sun: The Complete Gladiator's Handbook	16	AD&D2		
Jester	Bard	Generic	PHBR7 The Complete Bard's Handbook	34	AD&D2		
Jester	Any	Generic	Player's Option: Skills & Powers	72	AD&D2		
Jongleur	Bard	Generic	PHBR7 The Complete Bard's Handbook	36	AD&D2		
Journalist	Tradesman	Ravenloft	Masque of the Red Death	98	AD&D2		
Justifier	Ranger	Generic	PHBR11 The Complete Ranger's Handbook	63	AD&D2		
Kahin (Idol Priest)	Priest	Al-Qadim	Al-Qadim: Arabian Adventures	67	AD&D2		
Kalahari Bushman	Warrior	African	Dragon #195	30	AD&D2		
Keeper of the Veil	Paladin	Generic	Dragon #252	29	AD&D2		
Kensai	Fighter	Oriental Adventures	Dragon #189	30	AD&D2		
Khopesh	Fighter		HWR2 Hollow World: Kingdom of Nithia: Player's Tome	21	D&D2	PD	
Kirtanta	Thief	Mystara	HWA3 Hollow World: Nightstorm	62	D&D2	TM	
Knight	Fighter	Generic	Rules Cyclopedia	18	D&D2	PD	Dark Dungeons
Kongo Pygmy	Warrior	African	Dragon #195	30	AD&D2		
Kongo Witch Doctor	Priest	African	Dragon #209	18	AD&D2		
Kshatriya	Paladin	Indian	Dragon #225	24	AD&D2		
Kushite Elephant Warrior	Warrior	African	Dragon #195	30	AD&D2		
Labourer	Tradesman	Ravenloft	Masque of the Red Death	100	AD&D2		
Lawyer	Tradesman	Ravenloft	Dragon #215	44	AD&D2		
Leaftender	Cleric/Halfling	Generic	PHBR9 The Complete Book of Gnomes & Halflings	119	AD&D2		
Legba	Priest	African	Dragon #209	18	AD&D2		
Lethean	Priest	Generic	Dragon #252	32	AD&D2		
Lizard-man Druid	Priest	Generic	Dragon #163	81	AD&D2		
Lockmaster	Thief		HWR2 Hollow World: Kingdom of Nithia: Player's Tome	24	D&D2	PD	
Locksmith	Thief/Dwarf	Generic	PHBR6 The Complete Book of Dwarves	68	AD&D2		
Lone Wolf	Ninja	Generic	PHBR15 The Complete Ninja's Handbook	14	AD&D2		
Lorefinder		Forgotten Realms	Forgotten Realms: Demihumans of the Realms	52	AD&D2		
Loremaster	Bard	Generic	PHBR7 The Complete Bard's Handbook	38	AD&D2		
Lost Druid	Druid	Generic	PHBR13 The Complete Druid's Handbook	32	AD&D2		
Machine Mage	Wizard	Generic	Dragon #258	34	AD&D2		
Mage-Scribe	Magic-User		HWR2 Hollow World: Kingdom of Nithia: Player's Tome	22	D&D2	PD	
Mageweaver	Wizard	Al-Qadim	Al-Qadim: The Complete Sha'ir's Handbook	64	AD&D2		
Mambo	Wizard	African	Dragon #200	16	AD&D2		
Mamluk (Slave Warrior)	Warrior	Al-Qadim	Al-Qadim: Arabian Adventures	35	AD&D2		
Manhunter		Forgotten Realms	Forgotten Realms: Demihumans of the Realms	54	AD&D2		
Manikin	Any	Generic	Dragon #270	36	AD&D2		
Manipulator	Psionicist	Generic	Dragon #200	99	AD&D2		
Marine	Warrior	Spelljammer	CGR1 Spelljammer: The Complete Spacefarer's Handbook	35	AD&D2		
Mariner	Any	Generic	Player's Option: Skills & Powers	73	AD&D2		
Mariner of Evermeet		Forgotten Realms	Forgotten Realms: Demihumans of the Realms	57	AD&D2		
Master	Halfling		GAZ8 The Five Shires: Player's Booklet	19	D&D2	PD	
Master, Animal	Warrior	Generic	PHBR6 The Complete Book of Dwarves	50	AD&D2		
Master, Animal	Any	Generic	Player's Option: Skills & Powers	67	AD&D2		
Beastmaster	Ranger	Generic	PHBR11 The Complete Ranger's Handbook	47	AD&D2		
Beastmaster Psionicist	Psionicist	Dark Sun	Dark Sun: The Will and The Way: Psionicists of Athas	23	AD&D2		
Master, Hive	Druid	Generic	PHBR13 The Complete Druid's Handbook	31	AD&D2		
Master, Hound		Forgotten Realms	Forgotten Realms: Demihumans of the Realms	47	AD&D2		
Master, Undead	Necromancer	Generic	DMGR7 The Complete Book of Necromancers	19	AD&D2		
Matrud	Rogue	Al-Qadim	Al-Qadim: Arabian Adventures	53	AD&D2		
Medician	Paladin	Generic	PHBR12 The Complete Paladin's Handbook	58	AD&D2		
Medicine Man	Barbarian (Shaman)	Generic	PHBR14 The Complete Barbarian's Handbook	56	AD&D2		
Medicus	Priest	Spelljammer	CGR1 Spelljammer: The Complete Spacefarer's Handbook	48	AD&D2		
Medium	Mystic	Ravenloft	Masque of the Red Death	103	AD&D2		
Meistersinger	Bard	Generic	PHBR7 The Complete Bard's Handbook	41	AD&D2		
Mendoo (Medicine Man)	Wallara	Mystara	Savage Coast: Orc's Head Book #1: Sourcebook	6	AD&D2		
Mercenary	Wizard	Dark Sun	Dark Sun: Defilers and Preservers: The Wizards of Athas	56	AD&D2		
Mercenary	Fighter/Halfling	Generic	PHBR9 The Complete Book of Gnomes & Halflings	98	AD&D2		
Mercenary Barbarian	Warrior	Al-Qadim	Al-Qadim: Arabian Adventures	37	AD&D2		
Mercenary Psionicist	Psionicist	Dark Sun	Dark Sun: The Will and The Way: Psionicists of Athas	24	AD&D2		
Merchant	Warrior	Spelljammer	CGR1 Spelljammer: The Complete Spacefarer's Handbook	30	AD&D2		
Merchant	Any	Generic	Player's Option: Skills & Powers	73	AD&D2		
Merchant-Prince	Any Human/Elf		GAZ9 The Minrothad Guilds: Dungeon Master's Booklet	16	D&D2	PD	
Merchant-Rogue	Rogue	Al-Qadim	Al-Qadim: Arabian Adventures	54	AD&D2		
Merchant, Underdark		Forgotten Realms	Forgotten Realms: Demihumans of the Realms	64	AD&D2		
Merlane	Wizard	Generic	Dragon #237	12	AD&D2		
Metaphysician	Adept	Ravenloft	Masque of the Red Death	102	AD&D2		
Militant Psionicist	Psionicist	Generic	Dragon #255	41	AD&D2		
Militant Wizard	Wizard	Generic	PHBR4 The Complete Wizard's Handbook	39	AD&D2		
Militarist	Paladin	Generic	PHBR12 The Complete Paladin's Handbook	59	AD&D2		
Military Scout	Fighter/Thief/Half-Elf	Generic	Dragon #214	12	AD&D2		
Military Tribune	Warrior	Rome	HR5 The Glory of Rome: Campaign Sourcebook	23	AD&D2		
Mind Mage	Psionicist	Generic	Dragon #255	41	AD&D2		
Mind Monk	Psionicist	Generic	Dragon #255	43	AD&D2		
Mindclouder	Ninja	Generic	Dragon #255	50	AD&D2		
Mine Rowdy	Warrior	Generic	PHBR10 The Complete Book of Humanoids	66	AD&D2		
Missionary	Priest	Spelljammer	CGR1 Spelljammer: The Complete Spacefarer's Handbook	49	AD&D2		
Mithraic Priest	Priest	Rome	HR5 The Glory of Rome: Campaign Sourcebook	31	AD&D2		
Montare	Gladiator	Dark Sun	CGR2 Dark Sun: The Complete Gladiator's Handbook	18	AD&D2		
Montoth	Magic-User		HWR2 Hollow World: Kingdom of Nithia: Player's Tome	22	D&D2	TM	
Moribund	Necromancer	Generic	Dragon #252	34	AD&D2		
Mountain Man	Ranger	Generic	PHBR11 The Complete Ranger's Handbook	65	AD&D2		
Mountebank	Psionicist	Generic	Dragon #200	97	AD&D2		
Mouseburglar	Thief/Gnome	Generic	PHBR9 The Complete Book of Gnomes & Halflings	48	AD&D2		
Myrmidon	Fighter	Generic	PHBR1 The Complete Fighter's Handbook	25	AD&D2		
Mystery Man	Mage	Native American	Dragon #205	22	AD&D2		
Mystic	Priest	Al-Qadim	Al-Qadim: Arabian Adventures	69	AD&D2		
Mystic	Wizard	Generic	PHBR4 The Complete Wizard's Handbook	40	AD&D2		
Mystic	Any	Generic	Player's Option: Skills & Powers	74	AD&D2		
Mystic of Nog	Wizard	Al-Qadim	Al-Qadim: The Complete Sha'ir's Handbook	66	AD&D2		
Natural Philosopher	Druid	Generic	PHBR13 The Complete Druid's Handbook	33	AD&D2		
Necromancer	Wizard	Dark Sun	Dark Sun: Defilers and Preservers: The Wizards of Athas	64	AD&D2		
Necromancer	Mage	Diablo	Diablo II: The Awakening	15	AD&D2		
Ninja	Thief	Oriental Adventures	Dragon #189	32	AD&D2		
Noble	Psionicist	Dark Sun	Dragon #194	79	AD&D2		
Noble	Any	Generic	Player's Option: Skills & Powers	74	AD&D2		
Noble Psionicist	Psionicist	Dark Sun	Dark Sun: The Will and The Way: Psionicists of Athas	25	AD&D2		
Noble Warrior	Fighter	Generic	PHBR1 The Complete Fighter's Handbook	26	AD&D2		
Nobleman Priest	Priest	Generic	PHBR3 The Complete Priest's Handbook	101	AD&D2		
Nomad	Fighter	Generic	Dragon #172	75	AD&D2		
Northman	Fighter	Generic	Dragon #172	76	AD&D2		
Obeah-man	Priest	African	Dragon #209	20	AD&D2		
Obscure	Wizard	Dark Sun	Dragon #231	42	AD&D2		
Oracle	Priest	Generic	PHBR10 The Complete Book of Humanoids	80	AD&D2		
Oracle	Cleric/Halfling	Generic	PHBR9 The Complete Book of Gnomes & Halflings	120	AD&D2		
Oracle	Cleric		HWR3 Hollow World: The Milenian Empire: Campaign Book	38	D&D2	PD	
Outcast	Warrior/Dwarf	Generic	PHBR6 The Complete Book of Dwarves	58	AD&D2		
Outland Priest	Priest	Al-Qadim	Al-Qadim: Arabian Adventures	70	AD&D2		
Outland Priest	Priest	Generic	PHBR3 The Complete Priest's Handbook	103	AD&D2		
Outland Warrior	Warrior	Al-Qadim	Al-Qadim: Arabian Adventures	39	AD&D2		
Outlaw	Bard	Generic	Dragon #189	84	AD&D2		
Outlaw	Druid	Generic	PHBR13 The Complete Druid's Handbook	34	AD&D2		
Outlaw	Any	Generic	Player's Option: Skills & Powers	75	AD&D2		
Outlaw Mage	Wizard	Generic	PHBR10 The Complete Book of Humanoids	76	AD&D2		
Outlaw Priest	Priest	Generic	PHBR3 The Complete Priest's Handbook	103	AD&D2		
Pacifist	Druid	Generic	PHBR13 The Complete Druid's Handbook	35	AD&D2		
Pacifist Priest	Priest	Generic	PHBR3 The Complete Priest's Handbook	104	AD&D2		
Paladin	Fighter	Diablo	Diablo II: The Awakening	11	AD&D2		
Pale	Wizard	Dark Sun	Dragon #231	43	AD&D2		
Paranaturalist	Psionicist	Generic	Dragon #255	44	AD&D2		
Pariah	Priest/Dwarf	Generic	PHBR6 The Complete Book of Dwarves	62	AD&D2		
Parson	Tradesman	Ravenloft	Masque of the Red Death	98	AD&D2		
Pathfinder	Ranger	Generic	PHBR11 The Complete Ranger's Handbook	67	AD&D2		
Pathfinder	Ninja	Generic	PHBR15 The Complete Ninja's Handbook	14	AD&D2		
Patrician	Wizard	Generic	PHBR4 The Complete Wizard's Handbook	42	AD&D2		
Patrician	Priest/Dwarf	Generic	PHBR6 The Complete Book of Dwarves	63	AD&D2		
Peasant Hero	Fighter	Generic	PHBR1 The Complete Fighter's Handbook	29	AD&D2		
Peasant Hero	Any	Generic	Player's Option: Skills & Powers	75	AD&D2		
Peasant Priest	Priest	Generic	PHBR3 The Complete Priest's Handbook	105	AD&D2		
Peasant Wizard	Wizard	Generic	PHBR4 The Complete Wizard's Handbook	43	AD&D2		
Pest Controller	Thief/Dwarf	Generic	PHBR6 The Complete Book of Dwarves	68	AD&D2		
Philosipher	Necromancer	Generic	DMGR7 The Complete Book of Necromancers	18	AD&D2		
Philosopher-Mage	Wizard	Rome	HR5 The Glory of Rome: Campaign Sourcebook	27	AD&D2		
Physician	Tradesman	Ravenloft	Masque of the Red Death	99	AD&D2		
Pioneer	Psionicist	Generic	Dragon #255	44	AD&D2		
Pirate	Any	Generic	Player's Option: Skills & Powers	77	AD&D2		
Pirate/Outlaw	Fighter	Generic	PHBR1 The Complete Fighter's Handbook	30	AD&D2		
Pit Fighter	Warrior	Generic	PHBR10 The Complete Book of Humanoids	67	AD&D2		
Plainsrider	Barbarian (Fighter)	Generic	PHBR14 The Complete Barbarian's Handbook	46	AD&D2		
Plumaweaver	Rogue	Forgotten Realms	Forgotten Realms: Maztica Campaign Set	63	AD&D2		
Poro	Priest	African	Dragon #209	20	AD&D2		
Prestidigitator	Thief/Mage/Half-Elf	Generic	Dragon #214	14	AD&D2		
Priest (Specialist)	Priest	Generic	Player's Option: Skills & Powers	58	AD&D2		
Priest of the Mysteries	Priest	Rome	HR5 The Glory of Rome: Campaign Sourcebook	30	AD&D2		
Priest of the State Religion	Priest	Rome	HR5 The Glory of Rome: Campaign Sourcebook	30	AD&D2		
Priest-defender	Priest	Al-Qadim	Dragon #198	67	AD&D2		
Privateer	Rogue	Spelljammer	CGR1 Spelljammer: The Complete Spacefarer's Handbook	54	AD&D2		
Professional Gladiator	Gladiator	Dark Sun	CGR2 Dark Sun: The Complete Gladiator's Handbook	14	AD&D2		
Prophet Priest	Priest	Generic	PHBR3 The Complete Priest's Handbook	106	AD&D2		
Prospector		Forgotten Realms	Forgotten Realms: Demihumans of the Realms	77	AD&D2		
Protector	Wizard	Dark Sun	Dragon #231	44	AD&D2		
Psiologist	Psionicist	Dark Sun	Dark Sun: The Will and The Way: Psionicists of Athas	25	AD&D2		
Psychic Surgeon	Psionicist	Generic	Dragon #200	100	AD&D2		
Psychologue	Wizard/Priest/Psionicist/Gypsy/Bard	Ravenloft	Dragon Annual #3	31	AD&D2		
Pueblo Priest	Priest	Forgotten Realms	FMQ1 Forgotten Realms: City of Gold	A8	AD&D2		
Pugilist	Any	Generic	Player's Option: Skills & Powers	77	AD&D2		
Punisher	Ninja/Killer	Generic	PHBR15 The Complete Ninja's Handbook	28	AD&D2		
Purifier	Druid	Dragonlance	Legends of the Lance #5	5	AD&D2		
Qabalist	Adept	Ravenloft	Masque of the Red Death	102	AD&D2		
Raider	Warrior	Dark Sun	Dragon #194	73	AD&D2		
Rapid Response Rider	Warrior/Dwarf	Generic	PHBR6 The Complete Book of Dwarves	59	AD&D2		
Ravager	Barbarian (Fighter)	Generic	PHBR14 The Complete Barbarian's Handbook	48	AD&D2		
Ravager	Ninja/Killer	Generic	PHBR15 The Complete Ninja's Handbook	29	AD&D2		
Rawun	Rogue	Al-Qadim	Al-Qadim: Arabian Adventures	46	AD&D2		
Reaver	Gladiator	Dark Sun	CGR2 Dark Sun: The Complete Gladiator's Handbook	21	AD&D2		
Redeemer	Fighter/Mage/Cleric/Half-Elf	Generic	Dragon #214	14	AD&D2		
Relic Seeker	Wizard	Dark Sun	Dragon #231	46	AD&D2		
Rescuer	Cleric/Ranger/Half-Elf	Generic	Dragon #214	13	AD&D2		
Restorationist	Wizard	Dark Sun	Dark Sun: Defilers and Preservers: The Wizards of Athas	59	AD&D2		
Riddlemaster	Bard	Generic	PHBR7 The Complete Bard's Handbook	44	AD&D2		
Rider	Any	Generic	Player's Option: Skills & Powers	78	AD&D2		
Rider, Beast	Fighter	Generic	PHBR1 The Complete Fighter's Handbook	18	AD&D2		
Rider, Unicorn	Warrior/Elf	Forgotten Realms	Forgotten Realms: Elves of Evermeet	106	AD&D2		
Ritual Priest	Priest/Dwarf	Generic	PHBR6 The Complete Book of Dwarves	64	AD&D2		
Rocktender	Priest/Gnome	Generic	PHBR9 The Complete Book of Gnomes & Halflings	54	AD&D2		
Roman Legionary	Warrior	Rome	HR5 The Glory of Rome: Campaign Sourcebook	22	AD&D2		
Roman Politician	Warrior	Rome	HR5 The Glory of Rome: Campaign Sourcebook	23	AD&D2		
Royal Seal Bearer	Thief		HWR2 Hollow World: Kingdom of Nithia: Player's Tome	23	D&D2	PD	
Runaway, Dambraii		Forgotten Realms	Forgotten Realms: Demihumans of the Realms	79	AD&D2		
Runemaster	Wizard	Dark Ages	Dragon #257	42	AD&D2		
Runner	Fighter		HWR2 Hollow World: Kingdom of Nithia: Player's Tome	20	D&D2	PD	
Rustler	Thief	Dark Ages	Dragon #257	46	AD&D2		
Saâ€™luk (The Scoundrel)	Rogue	Al-Qadim	Al-Qadim: Arabian Adventures	46	AD&D2		
Sailor	Soldier	Ravenloft	Masque of the Red Death	95	AD&D2		
Saint of Kailang	Rogue	Generic	Polyhedron #141	19	AD&D2		
Salvager	Rogue	Spelljammer	CGR1 Spelljammer: The Complete Spacefarer's Handbook	55	AD&D2		
Samurai	Fighter	Generic	PHBR1 The Complete Fighter's Handbook	31	AD&D2		
Sarkany	Taltos	Generic	Dragon #247	41	AD&D2		
Saurial Paladin	Warrior	Generic	PHBR10 The Complete Book of Humanoids	69	AD&D2		
Savage	Fighter	Generic	PHBR1 The Complete Fighter's Handbook	32	AD&D2		
Savage	Druid	Generic	PHBR13 The Complete Druid's Handbook	36	AD&D2		
Savage	Any	Generic	Player's Option: Skills & Powers	79	AD&D2		
Savage Priest	Priest	Generic	PHBR3 The Complete Priest's Handbook	107	AD&D2		
Savage Warrior	Fighter/Ranger/Paladin	Mystara	Savage Coast: Orc's Head Book #1: Sourcebook	9	AD&D2		
Savage Wizard	Wizard	Generic	PHBR4 The Complete Wizard's Handbook	43	AD&D2		
Savage Wizard/Psionicist	Wizard/Psionicist	Mystara	Savage Coast: Orc's Head Book #1: Sourcebook	11	AD&D2		
Scavenger	Rogue	Generic	PHBR10 The Complete Book of Humanoids	84	AD&D2		
Scholar		Forgotten Realms	Forgotten Realms: Demihumans of the Realms	81	AD&D2		
Scholar	Any	Generic	Player's Option: Skills & Powers	79	AD&D2		
Scholar Monk	Priest	Dark Ages	Dragon #257	43	AD&D2		
Scholar Priest	Priest	Generic	PHBR3 The Complete Priest's Handbook	108	AD&D2		
Scientist	Tradesman	Ravenloft	Dragon #215	41	AD&D2		
Scout		Forgotten Realms	Forgotten Realms: Demihumans of the Realms	83	AD&D2		
Scout	Any	Generic	Player's Option: Skills & Powers	80	AD&D2		
Scout	Thief	Generic	PHBR2 The Complete Thief's Handbook	37	AD&D2		
Scurr	Rogue/Dwarf	Generic	Dragon #245	46	AD&D2		
Sea Ranger	Ranger	Generic	PHBR11 The Complete Ranger's Handbook	67	AD&D2		
Seeker	Ranger	Generic	PHBR11 The Complete Ranger's Handbook	71	AD&D2		
Seer	Chronomancer	Generic	Chronomancer	10	AD&D2		
Seer	Barbarian (Shaman)	Generic	PHBR14 The Complete Barbarian's Handbook	58	AD&D2		
Sellsword	Warrior	Generic	PHBR10 The Complete Book of Humanoids	70	AD&D2		
Sensei	Psionicist	Dark Sun	Dark Sun: The Will and The Way: Psionicists of Athas	27	AD&D2		
Servant	Tradesman	Ravenloft	Polyhedron #124	18	AD&D2		
Shadow	Rogue	Generic	PHBR10 The Complete Book of Humanoids	87	AD&D2		
Shadow Caller	Shadow Mage	Generic	Dragon #261	29	AD&D2		
Shadow Hunter	Shadow Mage	Generic	Dragon #261	31	AD&D2		
Shadow Seeker	Shadow Mage	Generic	Dragon #261	30	AD&D2		
Shadow Shaman	Wizard	Al-Qadim	Al-Qadim: Arabian Adventures	42	AD&D2		
Shadow Warrior	Ninja	Generic	PHBR15 The Complete Ninja's Handbook	12	AD&D2		
Shadow Wizard	Wizard	Dark Sun	Dark Sun: Defilers and Preservers: The Wizards of Athas	60	AD&D2		
Shadowblade	Fighter/Thief/Half-Elf	Generic	Dragon #214	11	AD&D2		
Shaman	Priest	Native American	Dragon #205	21	AD&D2		
Shaman	Mystic	Ravenloft	Masque of the Red Death	104	AD&D2		
Shaman	Priest	Generic	PHBR10 The Complete Book of Humanoids	78	AD&D2		
Shaman	Priest	Mystara	Savage Coast: Orc's Head Book #1: Sourcebook	7	AD&D2		
Shaman	Any Humanoid		GAZ10 The Orcs of Thar: Dungeon Master's Booklet	5	D&D2	PD	
Shaman, Shadow Elf	Combo		GAZ13 The Shadow Elves: Player's Guide	26	D&D2	TM	
Shapeshifter	Druid	Generic	PHBR13 The Complete Druid's Handbook	37	AD&D2		
Sharpshooter	Warrior	Generic	PHBR6 The Complete Book of Dwarves	60	AD&D2		
Sharpshooter	Any	Generic	Player's Option: Skills & Powers	80	AD&D2		
Sheenchaser	Wizard	Generic	Dragon #258	33	AD&D2		
Sheriff	Fighter/Halfling	Generic	PHBR9 The Complete Book of Gnomes & Halflings	99	AD&D2		
Shikari	Ranger	Indian	Dragon #225	24	AD&D2		
Shinobi Bard	Bard	Generic	PHBR15 The Complete Ninja's Handbook	26	AD&D2		
Shinobi Fighter	Fighter	Generic	PHBR15 The Complete Ninja's Handbook	23	AD&D2		
Shinobi Illusionist	Illusionist	Generic	PHBR15 The Complete Ninja's Handbook	24	AD&D2		
Shinobi Mage	Mage	Generic	PHBR15 The Complete Ninja's Handbook	24	AD&D2		
Shinobi Priest	Priest	Generic	PHBR15 The Complete Ninja's Handbook	25	AD&D2		
Shinobi Psionicist	Ninja	Generic	Dragon #255	51	AD&D2		
Shinobi Ranger	Ranger	Generic	PHBR15 The Complete Ninja's Handbook	23	AD&D2		
Shinobi Thief	Thief	Generic	PHBR15 The Complete Ninja's Handbook	25	AD&D2		
Shipmage	Wizard	Generic	Dragon #235	31	AD&D2		
Shukenja	Priest	Oriental Adventures	Dragon #189	31	AD&D2		
Singh	Fighter	Indian	Dragon #225	23	AD&D2		
Skald	Bard	Generic	PHBR7 The Complete Bard's Handbook	47	AD&D2		
Skinwalker	Priest/Elf	Forgotten Realms	Forgotten Realms: Elves of Evermeet	108	AD&D2		
Sky Wizard	Wizard	Generic	Dragon #260	37	AD&D2		
Skyrider	Paladin	Generic	PHBR12 The Complete Paladin's Handbook	61	AD&D2		
Skywarden	Avariel	Generic	Dragon #233	21	AD&D2		
Slave Warrior	Warrior	Dark Sun	Dragon #194	72	AD&D2		
Slave, Fugitive		Forgotten Realms	Forgotten Realms: Demihumans of the Realms	85	AD&D2		
Slayer	Wizard	Dark Sun	Dragon #231	47	AD&D2		
Slayer-mage	Wizard	Council of Wyrms	Dragon #205	95	AD&D2		
Slayer, Death	Necromancer	Generic	DMGR7 The Complete Book of Necromancers	15	AD&D2		
Slayer, Dragon	Fighter	Generic	Dragon #230	20	AD&D2		
Slayer, Fiend	Wizard	Generic	Dragon #229	43	AD&D2		
Slayer, Giant Killer		Forgotten Realms	Forgotten Realms: Demihumans of the Realms	42	AD&D2		
Slayer, Holy (Assassin)	Rogue	Al-Qadim	Al-Qadim: Arabian Adventures	51	AD&D2		
Slayer, Orc		Forgotten Realms	Forgotten Realms: Demihumans of the Realms	69	AD&D2		
Slayer, Pestkiller		Forgotten Realms	Forgotten Realms: Demihumans of the Realms	74	AD&D2		
Slayer, Spell	Wizard	Al-Qadim	Al-Qadim: The Complete Sha'ir's Handbook	69	AD&D2		
Slayer, Undead	Any/Elf	Generic	PHBR8 The Complete Book of Elves	94	AD&D2		
Slayer, Vermin	Warrior, Thief/Dwarf	Generic	PHBR6 The Complete Book of Dwarves	71	AD&D2		
Slayer, Wizard	Barbarian (Fighter)	Generic	PHBR14 The Complete Barbarian's Handbook	50	AD&D2		
Slayer, Wyrm	Paladin	Generic	PHBR12 The Complete Paladin's Handbook	66	AD&D2		
Smuggler		Forgotten Realms	Forgotten Realms: Demihumans of the Realms	87	AD&D2		
Smuggler	Thief	Generic	PHBR2 The Complete Thief's Handbook	39	AD&D2		
Smuggler	Thief	Generic	PHBR9 The Complete Book of Gnomes & Halflings	110	AD&D2		
Smuggler	Any	Generic	Player's Option: Skills & Powers	81	AD&D2		
Sohei	Priest	Oriental Adventures	Dragon #189	30	AD&D2		
Soldier	Warrior	Generic	Player's Option: Skills & Powers	82	AD&D2		
Sorcerer	Wizard	Al-Qadim	Al-Qadim: Arabian Adventures	41	AD&D2		
Sorcerer	Mage	Diablo	Diablo II: The Awakening	13	AD&D2		
Southwest Desert Warrior	Fighter	Native American	Dragon #205	20	AD&D2		
Spearman	Fighter		HWR2 Hollow World: Kingdom of Nithia: Player's Tome	19	D&D2	PD	
Specialist Druid (Arctic)	Druid	Generic	PHBR13 The Complete Druid's Handbook	10	AD&D2		
Specialist Druid (Desert)	Druid	Generic	PHBR13 The Complete Druid's Handbook	12	AD&D2		
Specialist Druid (Forest)	Druid	Generic	PHBR13 The Complete Druid's Handbook	14	AD&D2		
Specialist Druid (Gray)	Druid	Generic	PHBR13 The Complete Druid's Handbook	13	AD&D2		
Specialist Druid (Jungle)	Druid	Generic	PHBR13 The Complete Druid's Handbook	16	AD&D2		
Specialist Druid (Mountain)	Druid	Generic	PHBR13 The Complete Druid's Handbook	17	AD&D2		
Specialist Druid (Plains)	Druid	Generic	PHBR13 The Complete Druid's Handbook	17	AD&D2		
Specialist Druid (Swamp)	Druid	Generic	PHBR13 The Complete Druid's Handbook	18	AD&D2		
Specialist Paladin (Arrikhan)	Paladin	Generic	Dragon #106	55	AD&D1		
Specialist Paladin (Fantra)	Paladin	Generic	Dragon #106	52	AD&D1		
Specialist Paladin (Garath)	Paladin	Generic	Dragon #106	48	AD&D1		
Specialist Paladin (Illrigger)	Paladin	Generic	Dragon #106	54	AD&D1		
Specialist Paladin (Lyan)	Paladin	Generic	Dragon #106	48	AD&D1		
Specialist Paladin (Myrikhan)	Paladin	Generic	Dragon #106	46	AD&D1		
Specialist Paladin (Paramander)	Paladin	Generic	Dragon #106	50	AD&D1		
Specialist Psionicist	Psionicist	Generic	Dragon #255	46	AD&D2		
Specialist Wizard (Abjurer)	Wizard	Generic	Advanced Dungeons & Dragons: Player's Handbook	45	AD&D2		
Specialist Wizard (Alchemist)	Wizard	Generic	Player's Option: Skills & Powers	138	AD&D2		
Specialist Wizard (Artificer)	Wizard	Generic	Player's Option: Spells & Magic	21	AD&D2		
Specialist Wizard (Conjurer)	Wizard	Generic	Advanced Dungeons & Dragons: Player's Handbook	45	AD&D2		
Specialist Wizard (Dimensionalist)	Wizard	Generic	Dragon #229	50	AD&D2		
Specialist Wizard (Dimensionalist)	Wizard	Generic	Player's Option: Spells & Magic	19	AD&D2		
Specialist Wizard (Diviner)	Wizard	Generic	Advanced Dungeons & Dragons: Player's Handbook	45	AD&D2		
Specialist Wizard (Elementalist)	Wizard	Al-Qadim	Al-Qadim: The Complete Sha'ir's Handbook	17	AD&D2		
Specialist Wizard (Elementalist)	Wizard	Generic	Player's Option: Spells & Magic	18	AD&D2		
Specialist Wizard (Enchanter)	Wizard	Generic	Advanced Dungeons & Dragons: Player's Handbook	45	AD&D2		
Specialist Wizard (Force Mage)	Wizard	Generic	Player's Option: Spells & Magic	19	AD&D2		
Specialist Wizard (Geometer)	Wizard	Generic	Player's Option: Spells & Magic	22	AD&D2		
Specialist Wizard (Illusionist)	Wizard	Generic	Advanced Dungeons & Dragons: Players Handbook	26	AD&D1		
Specialist Wizard (Illusionist)	Wizard	Generic	Advanced Dungeons & Dragons: Player's Handbook	46	AD&D2		
Specialist Wizard (Illusionist)	Wizard	Dark Sun	Dark Sun: Rules Book	28	AD&D2		
Specialist Wizard (Illusionist)	Wizard	Generic	Best of Dragon v1	43	D&D1		
Specialist Wizard (Illusionist)	Wizard	Generic	The Strategic Review v1 #4	5	D&D1		
Specialist Wizard (Incantatrix)	Wizard	Generic	Dragon #90	8	AD&D1		
Specialist Wizard (Incantatrix)	Wizard	Forgotten Realms	Forgotten Realms: Cult of the Dragon	126	AD&D2		
Specialist Wizard (Incantatrix)	Wizard	Generic	Polyhedron #117	3	AD&D2		
Specialist Wizard (Invoker)	Wizard	Generic	Advanced Dungeons & Dragons: Player's Handbook	45	AD&D2		
Specialist Wizard (Mentalist)	Wizard	Generic	Player's Option: Spells & Magic	19	AD&D2		
Specialist Wizard (Necromancer)	Wizard	Generic	DMGR7 The Complete Book of Necromancers	1	AD&D2		
Specialist Wizard (Shadow)	Wizard	Generic	Player's Option: Skills & Powers	140	AD&D2		
Specialist Wizard (Song Mage)	Wizard	Generic	Player's Option: Spells & Magic	23	AD&D2		
Specialist Wizard (Transmuter)	Wizard	Generic	Advanced Dungeons & Dragons: Player's Handbook	45	AD&D2		
Specialist Wizard (Wild Mage)	Wizard	Generic	Player's Option: Spells & Magic	23	AD&D2		
Specialty Priest (Aerdrie Faenya)	Elf/Priest	Generic	Dragon #176	11	AD&D2		
Specialty Priest (Arvoreen the Defender)	Halfling/Priest	Generic	Dragon #177	82	AD&D2		
Specialty Priest (Brandobaris, Master of Stealth)	Halfling/Priest	Generic	Dragon #177	83	AD&D2		
Specialty Priest (Corellon Larethian)	Elf/Priest	Generic	Dragon #176	12	AD&D2		
Specialty Priest (Coveter)	Priest	Generic	Polyhedron #132	41	AD&D2		
Specialty Priest (Cyrrollalee the Faithful)	Halfling/Priest	Generic	Dragon #177	83	AD&D2		
Specialty Priest (D'ai Shaton)	Priest	Generic	Polyhedron #139	21	AD&D2		
Specialty Priest (Deep Sashelas)	Elf/Priest	Generic	Dragon #176	12	AD&D2		
Specialty Priest (Erevan Ilesere)	Elf/Priest	Generic	Dragon #176	13	AD&D2		
Specialty Priest (Eternalist)	Priest	Generic	Polyhedron #140	29	AD&D2		
Specialty Priest (Hanali Celanil)	Elf/Priest	Generic	Dragon #176	13	AD&D2		
Specialty Priest (Labelas Enoreth)	Elf/Priest	Generic	Dragon #176	13	AD&D2		
Specialty Priest (Lolth)	Elf/Priest	Generic	Dragon #176	14	AD&D2		
Specialty Priest (Rillifane Rallathil)	Elf/Priest	Generic	Dragon #176	14	AD&D2		
Specialty Priest (Sheela Peryroyl the Wise)	Halfling/Priest	Generic	Dragon #177	84	AD&D2		
Specialty Priest (Solonor Thelandira)	Elf/Priest	Generic	Dragon #176	15	AD&D2		
Specialty Priest (Urogalan the Shaper)	Halfling/Priest	Generic	Dragon #177	86	AD&D2		
Specialty Priest (Wave Ranger)	Priest	Generic	Polyhedron #130	45	AD&D2		
Specialty Priest (Yondalla the Provider)	Halfling/Priest	Generic	Dragon #177	86	AD&D2		
Spellarcher	Fighter/Mage/Half-Elf	Generic	Dragon #214	13	AD&D2		
Spellfilcher	Mage, Thief/Elf	Generic	PHBR8 The Complete Book of Elves	87	AD&D2		
Spidermaiden	Priest	Generic	Dragon #244	36	AD&D2		
Spirit Warrior	Ninja	Generic	PHBR15 The Complete Ninja's Handbook	14	AD&D2		
Spiritist	Barbarian (Shaman)	Generic	PHBR14 The Complete Barbarian's Handbook	60	AD&D2		
Spiritualist	Psionicist	Generic	Dragon #200	100	AD&D2		
Spiritualist	Wizard	Generic	Dragon #229	45	AD&D2		
Spiritualist	Mystic	Ravenloft	Masque of the Red Death	103	AD&D2		
Spy	Thief	Generic	PHBR2 The Complete Thief's Handbook	41	AD&D2		
Spy	Any	Generic	Player's Option: Skills & Powers	82	AD&D2		
Squire	Paladin	Generic	PHBR12 The Complete Paladin's Handbook	62	AD&D2		
Squire	Fighter/Halfling	Generic	PHBR9 The Complete Book of Gnomes & Halflings	101	AD&D2		
Stalker	Any	Ravenloft	Dragon Annual #3	32	AD&D2		
Stalker	Ranger	Generic	PHBR11 The Complete Ranger's Handbook	73	AD&D2		
Stalker	Fighter, Thief/Gnome	Generic	PHBR9 The Complete Book of Gnomes & Halflings	53	AD&D2		
Stealer-In	Ninja	Generic	PHBR15 The Complete Ninja's Handbook	12	AD&D2		
Storm Priest	Priest	Generic	Dragon #260	38	AD&D2		
Storyteller	Bard	Dark Ages	Dragon #257	46	AD&D2		
Street Fighter	Warrior	Rome	HR5 The Glory of Rome: Campaign Sourcebook	25	AD&D2		
Stridesman	Priest	Generic	Dragon #237	11	AD&D2		
Sungazer	Mage	Al-Qadim	Dragon #198	68	AD&D2		
Sunwatcher	Priest	Forgotten Realms	FMQ1 Forgotten Realms: City of Gold	A9	AD&D2		
Swami	Wizard	Indian	Dragon #225	25	AD&D2		
Swashbuckler	Fighter	Generic	PHBR1 The Complete Fighter's Handbook	34	AD&D2		
Swashbuckler	Any	Generic	Player's Option: Skills & Powers	83	AD&D2		
Swashbuckler	Thief	Generic	PHBR2 The Complete Thief's Handbook	41	AD&D2		
Swindler	Thief	Generic	PHBR2 The Complete Thief's Handbook	43	AD&D2		
Sycophant	Rogue	Dark Sun	Dragon #194	78	AD&D2		
Talebearer	Rogue/Dwarf	Generic	Dragon #245	47	AD&D2		
Talon	Avariel	Generic	Dragon #233	21	AD&D2		
Templar	Magic-User		HWR2 Hollow World: Kingdom of Nithia: Player's Tome	23	D&D2	PD	
Temple Guard	Warrior, Preist/Dwarf	Generic	PHBR6 The Complete Book of Dwarves	65	AD&D2		
Thegn	Fighter, Ranger	Dark Ages	Dragon #257	41	AD&D2		
Thespian	Tradesman	Ravenloft	Dragon #215	43	AD&D2		
Thespian	Bard	Generic	PHBR7 The Complete Bard's Handbook	49	AD&D2		
Thought Agent	Psionicist	Generic	Dragon #191	18	AD&D2		
Thug	Rogue	Indian	Dragon #225	27	AD&D2		
Thug	Thief	Generic	PHBR2 The Complete Thief's Handbook	43	AD&D2		
Thug	Any	Generic	Player's Option: Skills & Powers	84	AD&D2		
Thug, Waterdeep		Forgotten Realms	Forgotten Realms: Demihumans of the Realms	90	AD&D2		
Totem-sister	Priest/Elf	Forgotten Realms	Forgotten Realms: Elves of Evermeet	109	AD&D2		
Totemic Druid	Druid	Generic	PHBR13 The Complete Druid's Handbook	39	AD&D2		
Trader	Warrior/Thief	Generic	PHBR6 The Complete Book of Dwarves	70	AD&D2		
Trader	Fighter/Thief	Generic	PHBR9 The Complete Book of Gnomes & Halflings	115	AD&D2		
Tramp	Rogue	Generic	PHBR10 The Complete Book of Humanoids	85	AD&D2		
Traveler	Chronomancer	Generic	Chronomancer	12	AD&D2		
Traveler	Fighter, Thief/Halfling	Generic	PHBR9 The Complete Book of Gnomes & Halflings	117	AD&D2		
Treetender	Priest/Gnome	Generic	PHBR9 The Complete Book of Gnomes & Halflings	55	AD&D2		
Tribal Defender	Warrior	Generic	PHBR10 The Complete Book of Humanoids	65	AD&D2		
Tribal Priest	Priest	Dark Sun	Dragon #194	76	AD&D2		
Tribal Priest	Priest	Dark Ages	Dragon #257	45	AD&D2		
Tribal Psionicist	Psionicist	Dark Sun	Dark Sun: The Will and The Way: Psionicists of Athas	27	AD&D2		
Tribal Scout	Thief	Native American	Dragon #205	22	AD&D2		
Tribal Wizard	Wizard	Dark Sun	Dark Sun: Defilers and Preservers: The Wizards of Athas	61	AD&D2		
Troubleshooter	Thief	Generic	PHBR2 The Complete Thief's Handbook	44	AD&D2		
Tumbler	Thief/Gnome	Generic	PHBR9 The Complete Book of Gnomes & Halflings	49	AD&D2		
Tunnel Rat	Fighter/Halfling	Generic	PHBR9 The Complete Book of Gnomes & Halflings	102	AD&D2		
Tunnelrat		Forgotten Realms	Forgotten Realms: Demihumans of the Realms	92	AD&D2		
Tunnelrat	Rogue	Generic	PHBR10 The Complete Book of Humanoids	86	AD&D2		
Untutored One	Psionicist	Dark Sun	Dragon #194	80	AD&D2		
Urchin	Thief/Halfling	Generic	PHBR9 The Complete Book of Gnomes & Halflings	112	AD&D2		
Vanisher	Illusionist/Gnome	Generic	PHBR9 The Complete Book of Gnomes & Halflings	51	AD&D2		
Varazslo	Taltos	Generic	Dragon #247	43	AD&D2		
Veiled One	Wizard	Dark Sun	Dragon #194	74	AD&D2		
Village Druid	Druid	Generic	PHBR13 The Complete Druid's Handbook	39	AD&D2		
Vindicator	Warrior, Preist/Dwarf	Generic	PHBR6 The Complete Book of Dwarves	66	AD&D2		
Voice	Psionicist	Generic	Dragon #255	48	AD&D2		
Votary	Paladin	Generic	PHBR12 The Complete Paladin's Handbook	65	AD&D2		
Wanderer	Druid	Generic	PHBR13 The Complete Druid's Handbook	41	AD&D2		
Wandering Ironsmith		Forgotten Realms	Forgotten Realms: Demihumans of the Realms	50	AD&D2		
Wandering Mystic	Priest	Generic	PHBR10 The Complete Book of Humanoids	82	AD&D2		
War Mage	Wizard	Spelljammer	CGR1 Spelljammer: The Complete Spacefarer's Handbook	44	AD&D2		
War Priest	Priest	Generic	PHBR10 The Complete Book of Humanoids	81	AD&D2		
War Wizard	Fighter, Mage/Elf	Generic	PHBR8 The Complete Book of Elves	90	AD&D2		
War-Cleric	Cleric		HWR2 Hollow World: Kingdom of Nithia: Player's Tome	21	D&D2	PD	
Ward	Half-dragon	Council of Wyrms	Dragon #206	27	AD&D2		
Warden	Ranger	Generic	PHBR11 The Complete Ranger's Handbook	75	AD&D2		
Warder	Fighter/Priest	Ravenloft	Dragon Annual #3	33	AD&D2		
Warrior-Elf	Combo		Hollow World: Campaign Set: Player's Guide	6	D&D2	PD	
Wayfinder	Warrior, Thief/Dwarf	Generic	PHBR6 The Complete Book of Dwarves	72	AD&D2		
Weapon Master	Any	Generic	Player's Option: Skills & Powers	85	AD&D2		
Wicca	Any Humanoid		GAZ10 The Orcs of Thar: Dungeon Master's Booklet	5	D&D2	PD	
Wilderness Avenger	Fighter/Druid/Half-Elf	Generic	Dragon #214	12	AD&D2		
Wilderness Protector	Warrior	Generic	PHBR10 The Complete Book of Humanoids	72	AD&D2		
Wilderness Runner	Warrior/Elf	Generic	PHBR8 The Complete Book of Elves	85	AD&D2		
Wilderness Warrior	Fighter	Generic	PHBR1 The Complete Fighter's Handbook	35	AD&D2		
Wilderness Warrior	Fighter/Ranger/Paladin	Mystara	Savage Coast: Orc's Head Book #1: Sourcebook	10	AD&D2		
Wind Scout	Rogue	Generic	Dragon #260	38	AD&D2		
Windrider	Warrior	Forgotten Realms	Forgotten Realms: Elves of Evermeet	107	AD&D2		
Windrider	Warrior/Elf	Generic	PHBR8 The Complete Book of Elves	86	AD&D2		
Windsailor	Warrior/Rogue	Generic	Dragon #244	35	AD&D2		
Windtamer	Wizard	Generic	Dragon #244	36	AD&D2		
Witch	Wizard	Generic	DMGR7 The Complete Book of Necromancers	22	AD&D2		
Witch	Wizard	Generic	PHBR4 The Complete Wizard's Handbook	45	AD&D2		
Witch Doctor	Priest	Generic	PHBR10 The Complete Book of Humanoids	79	AD&D2		
Witch, Roman	Wizard	Rome	HR5 The Glory of Rome: Campaign Sourcebook	27	AD&D2		
Witchman (Ulogo)	Barbarian (Shaman)	Generic	PHBR14 The Complete Barbarian's Handbook	62	AD&D2		
Wu Jen	Wizard	Generic	PHBR4 The Complete Wizard's Handbook	49	AD&D2		
Yakuza	Thief	Oriental Adventures	Dragon #189	32	AD&D2		
Yogi	Psionicist	Indian	Dragon #225	29	AD&D2		
Zande witch woman	Wizard	African	Dragon #200	16	AD&D2		
Zelganok	Taltos	Generic	Dragon #247	40	AD&D2		
Zurchin		Forgotten Realms	Forgotten Realms: Demihumans of the Realms	95	AD&D2		
